{
  "model": "Support Vector Machine",
  "randomized_search": {
    "best_params": {
      "model__gamma": "scale",
      "model__C": 100
    },
    "best_cv_accuracy": 0.8094889592345546,
    "n_iter": 10,
    "cv": 2
  },
  "grid_search": {
    "best_params": {
      "model__C": 30,
      "model__gamma": 0.03
    },
    "best_cv_accuracy": 0.8224175735902273,
    "cv": 2
  },
  "test_accuracy": 0.8307317073170731,
  "macro_f1": 0.8483164771061246,
  "weighted_f1": 0.8311346821673004,
  "confusion_matrix": [
    [
      8,
      0,
      0,
      0,
      0,
      0,
      0,
      1,
      0,
      0,
      0,
      0,
      0,
      0,
      0,
      0
    ],
    [
      0,
      230,
      6,
      4,
      0,
      1,
      0,
      0,
      1,
      14,
      20,
      10,
      0,
      0,
      0,
      0
    ],
    [
      0,
      10,
      134,
      7,
      0,
      0,
      0,
      0,
      0,
      1,
      7,
      7,
      0,
      0,
      0,
      0
    ],
    [
      0,
      3,
      6,
      31,
      0,
      1,
      1,
      0,
      0,
      1,
      2,
      2,
      0,
      0,
      0,
      0
    ],
    [
      0,
      2,
      0,
      0,
      90,
      1,
      0,
      0,
      0,
      0,
      0,
      2,
      0,
      1,
      1,
      0
    ],
    [
      0,
      0,
      0,
      0,
      0,
      140,
      0,
      0,
      0,
      0,
      0,
      0,
      0,
      1,
      5,
      0
    ],
    [
      0,
      0,
      0,
      0,
      0,
      0,
      5,
      0,
      0,
      0,
      0,
      0,
      0,
      0,
      0,
      0
    ],
    [
      1,
      0,
      0,
      0,
      1,
      0,
      1,
      93,
      0,
      0,
      0,
      0,
      0,
      0,
      0,
      0
    ],
    [
      0,
      0,
      0,
      0,
      0,
      0,
      0,
      0,
      4,
      0,
      0,
      0,
      0,
      0,
      0,
      0
    ],
    [
      0,
      9,
      2,
      0,
      0,
      0,
      0,
      0,
      0,
      169,
      13,
      1,
      0,
      0,
      0,
      0
    ],
    [
      0,
      53,
      29,
      1,
      2,
      1,
      0,
      0,
      0,
      33,
      366,
      5,
      0,
      0,
      1,
      0
    ],
    [
      0,
      9,
      6,
      4,
      1,
      0,
      0,
      0,
      0,
      4,
      5,
      90,
      0,
      0,
      0,
      0
    ],
    [
      0,
      0,
      0,
      0,
      0,
      0,
      0,
      0,
      0,
      0,
      0,
      0,
      40,
      0,
      1,
      0
    ],
    [
      0,
      0,
      0,
      0,
      4,
      1,
      0,
      0,
      0,
      0,
      0,
      0,
      1,
      232,
      15,
      0
    ],
    [
      0,
      2,
      0,
      0,
      3,
      10,
      0,
      0,
      0,
      0,
      0,
      0,
      0,
      9,
      52,
      1
    ],
    [
      0,
      0,
      0,
      0,
      0,
      0,
      0,
      0,
      0,
      0,
      0,
      0,
      0,
      0,
      0,
      19
    ]
  ]
}